periodo_txt,periodo,fecha,alim_indice,general_indice,ajuste_pp,ipc_alim_m,ipc_general_m,brecha_m
dic-94,1994-12,1994-12-01,17.0,21.1,,,,
ene-95,1995-01,1995-01-01,17.6,21.5,,3.529411764705892,1.8957345971563955,1.6336771675494965
feb-95,1995-02,1995-02-01,17.8,21.7,,1.1363636363636243,0.9302325581395321,0.20613107822409216
mar-95,1995-03,1995-03-01,17.9,22.1,,0.561797752808979,1.8433179723502446,-1.2815202195412656
abr-95,1995-04,1995-04-01,18.0,22.3,,0.5586592178770999,0.9049773755656076,-0.3463181576885077
may-95,1995-05,1995-05-01,17.8,22.4,15.0,-1.1111111111111072,0.4484304932735439,-1.559541604384651
jun-95,1995-06,1995-06-01,18.1,22.7,,1.6853932584269593,1.3392857142857206,0.3461075441412387
jul-95,1995-07,1995-07-01,18.3,22.9,,1.104972375690605,0.8810572687224738,0.2239151069681311
ago-95,1995-08,1995-08-01,18.0,22.9,,-1.6393442622950838,0.0,-1.6393442622950838
sept-95,1995-09,1995-09-01,17.9,22.9,,-0.5555555555555647,0.0,-0.5555555555555647
oct-95,1995-10,1995-10-01,18.0,23.1,,0.5586592178770999,0.8733624454148492,-0.31470322753774926
nov-95,1995-11,1995-11-01,17.9,23.2,,-0.5555555555555647,0.43290043290042934,-0.988455988455994
dic-95,1995-12,1995-12-01,18.1,23.4,,1.1173184357541999,0.8620689655172376,0.2552494702369623
ene-96,1996-01,1996-01-01,18.6,23.7,,2.7624309392265234,1.2820512820512775,1.4803796571752459
feb-96,1996-02,1996-02-01,18.7,24.2,,0.5376344086021501,2.1097046413502074,-1.5720702327480574
mar-96,1996-03,1996-03-01,18.9,24.5,,1.0695187165775444,1.2396694214876103,-0.1701507049100659
abr-96,1996-04,1996-04-01,19.0,24.7,10.0,0.5291005291005346,0.8163265306122325,-0.28722600151169786
may-96,1996-05,1996-05-01,18.9,24.8,,-0.526315789473697,0.4048582995951566,-0.9311740890688536
jun-96,1996-06,1996-06-01,19.0,24.9,,0.5291005291005346,0.40322580645160144,0.12587472264893318
jul-96,1996-07,1996-07-01,18.9,25.0,,-0.526315789473697,0.40160642570281624,-0.9279222151765132
ago-96,1996-08,1996-08-01,18.9,25.1,,0.0,0.40000000000000036,-0.40000000000000036
sept-96,1996-09,1996-09-01,19.0,25.1,,0.5291005291005346,0.0,0.5291005291005346
oct-96,1996-10,1996-10-01,18.9,25.1,,-0.526315789473697,0.0,-0.526315789473697
nov-96,1996-11,1996-11-01,18.9,25.2,,0.0,0.3984063745019917,-0.3984063745019917
dic-96,1996-12,1996-12-01,18.9,25.3,,0.0,0.3968253968253954,-0.3968253968253954
ene-97,1997-01,1997-01-01,19.0,25.5,10.0,0.5291005291005346,0.7905138339920903,-0.2614133048915557
feb-97,1997-02,1997-02-01,19.3,26.0,,1.5789473684210575,1.9607843137254832,-0.3818369453044257
mar-97,1997-03,1997-03-01,20.1,26.6,,4.145077720207246,2.3076923076923217,1.8373854125149247
abr-97,1997-04,1997-04-01,20.1,26.7,,0.0,0.3759398496240518,-0.3759398496240518
may-97,1997-05,1997-05-01,19.7,26.6,,-1.9900497512437942,-0.3745318352059823,-1.615517916037812
jun-97,1997-06,1997-06-01,20.1,26.8,,2.0304568527918843,0.7518796992481258,1.2785771535437584
jul-97,1997-07,1997-07-01,19.7,26.7,,-1.9900497512437942,-0.3731343283582156,-1.6169154228855787
ago-97,1997-08,1997-08-01,19.6,26.6,,-0.50761421319796,-0.3745318352059823,-0.13308237799197764
sept-97,1997-09,1997-09-01,19.4,26.6,,-1.0204081632653184,0.0,-1.0204081632653184
oct-97,1997-10,1997-10-01,19.3,26.6,,-0.5154639175257603,0.0,-0.5154639175257603
nov-97,1997-11,1997-11-01,19.2,26.6,,-0.5181347150259086,0.0,-0.5181347150259086
dic-97,1997-12,1997-12-01,19.7,26.9,,2.604166666666674,1.1278195488721776,1.4763471177944965
ene-98,1998-01,1998-01-01,20.0,27.2,,1.522842639593902,1.1152416356877248,0.40760100390617726
feb-98,1998-02,1998-02-01,20.4,27.8,,2.0000000000000018,2.205882352941191,-0.20588235294118906
mar-98,1998-03,1998-03-01,21.0,28.4,12.0,2.941176470588247,2.1582733812949506,0.7829030892932964
abr-98,1998-04,1998-04-01,21.6,28.9,,2.857142857142869,1.760563380281699,1.0965794768611703
may-98,1998-05,1998-05-01,22.3,29.7,,3.240740740740744,2.768166089965396,0.4725746507753481
jun-98,1998-06,1998-06-01,22.1,29.7,,-0.8968609865470767,0.0,-0.8968609865470767
jul-98,1998-07,1998-07-01,22.0,29.8,,-0.4524886877828149,0.33670033670034627,-0.7891890244831612
ago-98,1998-08,1998-08-01,22.1,30.3,,0.454545454545463,1.6778523489932917,-1.2233068944478287
sept-98,1998-09,1998-09-01,22.7,30.6,,2.714932126696823,0.990099009900991,1.724833116795832
oct-98,1998-10,1998-10-01,23.0,30.9,,1.3215859030837107,0.9803921568627416,0.3411937462209691
nov-98,1998-11,1998-11-01,22.9,30.9,,-0.43478260869566077,0.0,-0.43478260869566077
dic-98,1998-12,1998-12-01,22.7,30.8,,-0.8733624454148492,-0.3236245954692518,-0.5497378499455974
ene-99,1999-01,1999-01-01,22.6,30.9,,-0.4405286343612258,0.32467532467532756,-0.7652039590365534
feb-99,1999-02,1999-02-01,22.7,31.0,,0.4424778761061843,0.3236245954692629,0.11885328063692135
mar-99,1999-03,1999-03-01,22.5,31.0,,-0.8810572687224627,0.0,-0.8810572687224627
abr-99,1999-04,1999-04-01,22.6,31.2,,0.4444444444444473,0.6451612903225712,-0.20071684587812388
may-99,1999-05,1999-05-01,22.1,31.0,,-2.212389380530977,-0.6410256410256387,-1.5713637395053381
jun-99,1999-06,1999-06-01,21.9,31.0,,-0.9049773755656187,0.0,-0.9049773755656187
jul-99,1999-07,1999-07-01,22.7,31.8,,3.65296803652968,2.580645161290329,1.072322875239351
ago-99,1999-08,1999-08-01,22.9,32.0,,0.8810572687224738,0.6289308176100628,0.25212645111241105
sept-99,1999-09,1999-09-01,22.6,32.0,,-1.3100436681222627,0.0,-1.3100436681222627
oct-99,1999-10,1999-10-01,22.6,32.2,,0.0,0.6250000000000089,-0.6250000000000089
nov-99,1999-11,1999-11-01,22.7,32.3,,0.4424778761061843,0.31055900621115295,0.13191886989503132
dic-99,1999-12,1999-12-01,23.1,32.5,,1.7621145374449476,0.6191950464396356,1.142919491005312
ene-00,2000-01,2000-01-01,23.6,32.9,,2.164502164502169,1.2307692307692353,0.9337329337329336
feb-00,2000-02,2000-02-01,24.0,33.3,15.0,1.6949152542372836,1.2158054711246091,0.4791097831126745
mar-00,2000-03,2000-03-01,24.6,34.0,,2.5000000000000133,2.1021021021021102,0.3978978978979031
abr-00,2000-04,2000-04-01,24.8,34.3,,0.8130081300812941,0.8823529411764675,-0.06934481109517332
may-00,2000-05,2000-05-01,24.8,34.4,,0.0,0.291545189504383,-0.291545189504383
jun-00,2000-06,2000-06-01,24.0,34.2,,-3.2258064516129115,-0.5813953488371992,-2.6444111027757122
jul-00,2000-07,2000-07-01,24.1,34.3,,0.4166666666666652,0.29239766081869956,0.12426900584796563
ago-00,2000-08,2000-08-01,24.4,34.5,,1.2448132780082943,0.5830903790087438,0.6617228989995505
sept-00,2000-09,2000-09-01,24.8,35.0,,1.6393442622950838,1.449275362318847,0.19006889997623677
oct-00,2000-10,2000-10-01,25.1,35.3,,1.2096774193548487,0.8571428571428452,0.3525345622120035
nov-00,2000-11,2000-11-01,25.3,35.4,,0.7968127490039834,0.28328611898016387,0.5135266300238195
dic-00,2000-12,2000-12-01,25.0,35.3,,-1.1857707509881465,-0.28248587570621764,-0.9032848752819289
ene-01,2001-01,2001-01-01,25.2,35.8,,0.8000000000000007,1.4164305949008416,-0.6164305949008408
feb-01,2001-02,2001-02-01,25.4,36.0,,0.7936507936507908,0.5586592178770999,0.2349915757736909
mar-01,2001-03,2001-03-01,26.2,36.7,,3.149606299212593,1.9444444444444597,1.205161854768133
abr-01,2001-04,2001-04-01,26.6,37.0,,1.526717557251911,0.8174386920980936,0.7092788651538173
may-01,2001-05,2001-05-01,25.9,36.7,15.0,-2.6315789473684292,-0.8108108108108025,-1.8207681365576267
jun-01,2001-06,2001-06-01,25.1,36.5,,-3.0888030888030826,-0.5449591280654031,-2.5438439607376795
jul-01,2001-07,2001-07-01,24.9,36.7,,-0.7968127490039945,0.5479452054794498,-1.3447579544834443
ago-01,2001-08,2001-08-01,25.0,37.0,,0.40160642570281624,0.8174386920980936,-0.4158322663952774
sept-01,2001-09,2001-09-01,25.2,37.3,,0.8000000000000007,0.8108108108108025,-0.010810810810801819
oct-01,2001-10,2001-10-01,25.3,37.5,,0.3968253968253954,0.536193029490617,-0.13936763266522156
nov-01,2001-11,2001-11-01,25.4,37.7,,0.39525691699604515,0.5333333333333412,-0.13807641633729606
dic-01,2001-12,2001-12-01,26.4,38.2,,3.937007874015741,1.3262599469495928,2.610747927066148
ene-02,2002-01,2002-01-01,26.9,38.5,,1.8939393939394034,0.785340314136107,1.1085990798032963
feb-02,2002-02,2002-02-01,26.7,38.6,,-0.743494423791824,0.25974025974027093,-1.0032346835320949
mar-02,2002-03,2002-03-01,27.2,39.1,,1.8726591760299671,1.2953367875647714,0.5773223884651957
abr-02,2002-04,2002-04-01,27.3,39.2,,0.3676470588235281,0.2557544757033181,0.11189258312021
may-02,2002-05,2002-05-01,27.0,39.2,,-1.098901098901106,0.0,-1.098901098901106
jun-02,2002-06,2002-06-01,27.6,39.9,,2.2222222222222365,1.7857142857142794,0.43650793650795716
jul-02,2002-07,2002-07-01,28.1,41.0,,1.8115942028985588,2.7568922305764465,-0.9452980276778877
ago-02,2002-08,2002-08-01,29.0,42.0,12.0,3.2028469750889688,2.4390243902439046,0.7638225848450642
sept-02,2002-09,2002-09-01,29.7,42.4,,2.4137931034482696,0.952380952380949,1.4614121510673206
oct-02,2002-10,2002-10-01,29.6,42.6,,-0.33670033670032407,0.4716981132075526,-0.8083984499078767
nov-02,2002-11,2002-11-01,30.1,43.2,,1.6891891891891886,1.4084507042253502,0.28073848496383835
dic-02,2002-12,2002-12-01,30.8,43.8,,2.3255813953488413,1.388888888888884,0.9366925064599574
ene-03,2003-01,2003-01-01,32.9,45.5,,6.818181818181812,3.8812785388127935,2.9369032793690186
feb-03,2003-02,2003-02-01,34.2,46.4,11.0,3.951367781155035,1.978021978021971,1.9733458031330642
mar-03,2003-03,2003-03-01,35.2,46.9,,2.923976608187129,1.0775862068965525,1.8463904012905763
abr-03,2003-04,2003-04-01,36.1,47.5,,2.556818181818188,1.279317697228155,1.2775004845900328
may-03,2003-05,2003-05-01,35.1,46.9,,-2.7700831024930705,-1.2631578947368438,-1.5069252077562267
jun-03,2003-06,2003-06-01,34.0,46.2,,-3.1339031339031376,-1.492537313432829,-1.6413658204703085
jul-03,2003-07,2003-07-01,33.7,45.9,,-0.8823529411764675,-0.6493506493506551,-0.23300229182581234
ago-03,2003-08,2003-08-01,33.4,45.8,,-0.8902077151335397,-0.21786492374727962,-0.6723427913862601
sept-03,2003-09,2003-09-01,33.6,45.9,,0.5988023952095967,0.21834061135370675,0.3804617838558899
oct-03,2003-10,2003-10-01,35.4,46.8,,5.357142857142838,1.9607843137254832,3.396358543417355
nov-03,2003-11,2003-11-01,36.5,47.5,,3.1073446327683607,1.4957264957265126,1.611618137041848
dic-03,2003-12,2003-12-01,37.4,47.9,,2.465753424657535,0.8421052631578885,1.6236481614996467
ene-04,2004-01,2004-01-01,37.5,48.0,,0.2673796791443861,0.20876826722338038,0.05861141192100572
feb-04,2004-02,2004-02-01,37.4,48.1,,-0.2666666666666706,0.2083333333333437,-0.4750000000000143
mar-04,2004-03,2004-03-01,37.5,48.3,,0.2673796791443861,0.4158004158004047,-0.14842073665601863
abr-04,2004-04,2004-04-01,37.2,48.2,,-0.7999999999999896,-0.20703933747411307,-0.5929606625258765
may-04,2004-05,2004-05-01,37.2,48.4,,0.0,0.4149377593360981,-0.4149377593360981
jun-04,2004-06,2004-06-01,37.8,48.8,,1.612903225806428,0.8264462809917328,0.7864569448146952
jul-04,2004-07,2004-07-01,37.9,48.9,,0.2645502645502784,0.2049180327868827,0.059632231763395716
ago-04,2004-08,2004-08-01,39.4,49.6,,3.95778364116095,1.4314928425357865,2.5262907986251637
sept-04,2004-09,2004-09-01,37.8,48.9,,-4.060913705583758,-1.4112903225806495,-2.6496233830031084
oct-04,2004-10,2004-10-01,36.7,48.5,,-2.910052910052896,-0.8179959100204415,-2.0920570000324545
nov-04,2004-11,2004-11-01,36.0,48.4,,-1.9073569482288888,-0.20618556701030855,-1.7011713812185802
dic-04,2004-12,2004-12-01,37.1,49.2,,3.055555555555567,1.6528925619834878,1.4026629935720791
ene-05,2005-01,2005-01-01,37.6,49.6,,1.3477088948786964,0.8130081300812941,0.5347007647974023
feb-05,2005-02,2005-02-01,37.9,49.9,,0.7978723404255206,0.6048387096774244,0.1930336307480962
mar-05,2005-03,2005-03-01,38.9,50.4,,2.638522427440626,1.002004008016022,1.636518419424604
abr-05,2005-04,2005-04-01,39.2,51.1,12.0,0.7712082262210984,1.388888888888884,-0.6176806626677855
may-05,2005-05,2005-05-01,39.7,51.8,,1.2755102040816313,1.3698630136986134,-0.09435280961698211
jun-05,2005-06,2005-06-01,39.3,51.8,,-1.0075566750629816,0.0,-1.0075566750629816
jul-05,2005-07,2005-07-01,39.2,52.0,,-0.254452926208637,0.38610038610038533,-0.6405533123090223
ago-05,2005-08,2005-08-01,38.7,51.9,,-1.2755102040816313,-0.19230769230769162,-1.0832025117739397
sept-05,2005-09,2005-09-01,39.8,52.6,,2.8423772609818876,1.3487475915221703,1.4936296694597173
oct-05,2005-10,2005-10-01,40.9,53.5,,2.7638190954773822,1.7110266159695797,1.0527924795078025
nov-05,2005-11,2005-11-01,42.4,54.4,,3.667481662591676,1.6822429906542036,1.9852386719374726
dic-05,2005-12,2005-12-01,41.7,54.1,,-1.6509433962264008,-0.5514705882352922,-1.0994728079911087
ene-06,2006-01,2006-01-01,43.0,54.8,,3.1175059952038398,1.2939001848428777,1.823605810360962
feb-06,2006-02,2006-02-01,43.9,55.5,,2.0930232558139528,1.277372262773735,0.8156509930402178
mar-06,2006-03,2006-03-01,45.4,56.3,,3.4168564920273425,1.4414414414414267,1.9754150505859158
abr-06,2006-04,2006-04-01,45.7,56.5,12.0,0.6607929515418665,0.355239786856143,0.30555316468572347
may-06,2006-05,2006-05-01,44.9,56.3,,-1.7505470459518668,-0.3539823008849585,-1.3965647450669083
jun-06,2006-06,2006-06-01,43.9,56.1,,-2.2271714922049046,-0.3552397868561208,-1.8719317053487838
jul-06,2006-07,2006-07-01,43.5,56.0,,-0.9111617312072884,-0.17825311942959443,-0.732908611777694
ago-06,2006-08,2006-08-01,43.5,56.1,,0.0,0.17857142857142794,-0.17857142857142794
sept-06,2006-09,2006-09-01,45.2,57.0,,3.9080459770115095,1.6042780748663166,2.303767902145193
oct-06,2006-10,2006-10-01,47.6,58.1,,5.309734513274322,1.9298245614035148,3.3799099518708076
nov-06,2006-11,2006-11-01,49.9,59.2,,4.8319327731092265,1.8932874354561147,2.938645337653112
dic-06,2006-12,2006-12-01,53.3,60.8,,6.813627254509025,2.7027027027026973,4.1109245518063275
ene-07,2007-01,2007-01-01,51.9,60.2,,-2.6266416510318913,-0.9868421052631526,-1.6397995457687387
feb-07,2007-02,2007-02-01,51.4,60.0,,-0.9633911368015391,-0.33222591362126463,-0.6311652231802745
mar-07,2007-03,2007-03-01,50.4,59.5,,-1.945525291828798,-0.8333333333333304,-1.1121919584954676
abr-07,2007-04,2007-04-01,51.6,60.0,,2.3809523809523947,0.8403361344537785,1.5406162464986162
may-07,2007-05,2007-05-01,52.1,60.3,,0.9689922480620172,0.49999999999998934,0.4689922480620279
jun-07,2007-06,2007-06-01,50.8,59.9,,-2.49520153550864,-0.6633499170812573,-1.8318516184273825
jul-07,2007-07,2007-07-01,51.1,60.2,,0.5905511811023612,0.5008347245408995,0.08971645656146165
ago-07,2007-08,2007-08-01,54.9,62.2,,7.4363992172211235,3.322259136212624,4.114140081008499
sept-07,2007-09,2007-09-01,56.0,62.8,,2.0036429872495543,0.9646302250803762,1.039012762169178
oct-07,2007-10,2007-10-01,60.4,65.1,10.0,7.857142857142851,3.6624203821655987,4.194722474977253
nov-07,2007-11,2007-11-01,56.7,63.6,,-6.125827814569529,-2.304147465437778,-3.8216803491317513
dic-07,2007-12,2007-12-01,58.2,64.5,,2.645502645502651,1.4150943396226356,1.2304083058800153
ene-08,2008-01,2008-01-01,60.2,65.5,,3.436426116838498,1.5503875968992276,1.8860385199392704
feb-08,2008-02,2008-02-01,61.0,66.3,,1.3289036544850363,1.2213740458015154,0.1075296086835209
mar-08,2008-03,2008-03-01,61.7,66.8,,1.1475409836065653,0.7541478129713397,0.3933931706352256
abr-08,2008-04,2008-04-01,62.7,67.3,,1.620745542949753,0.7485029940119681,0.872242548937785
may-08,2008-05,2008-05-01,61.9,67.2,,-1.2759170653907526,-0.14858841010400026,-1.1273286552867523
jun-08,2008-06,2008-06-01,63.2,68.0,,2.1001615508885463,1.1904761904761862,0.90968536041236
jul-08,2008-07,2008-07-01,63.6,68.3,,0.6329113924050667,0.4411764705882337,0.19173492181683294
ago-08,2008-08,2008-08-01,64.2,68.7,,0.9433962264151052,0.5856515373352966,0.3577446890798086
sept-08,2008-09,2008-09-01,63.2,68.5,,-1.5576323987538943,-0.29112081513829047,-1.2665115836156038
oct-08,2008-10,2008-10-01,61.8,68.7,,-2.2151898734177333,0.29197080291971655,-2.50716067633745
nov-08,2008-11,2008-11-01,61.6,68.9,,-0.3236245954692518,0.29112081513829047,-0.6147454106075423
dic-08,2008-12,2008-12-01,62.5,69.3,,1.4610389610389518,0.5805515239477366,0.8804874370912152
ene-09,2009-01,2009-01-01,63.2,69.4,,1.1200000000000099,0.14430014430015792,0.975699855699852
feb-09,2009-02,2009-02-01,62.5,69.2,,-1.1075949367088667,-0.2881844380403509,-0.8194104986685158
mar-09,2009-03,2009-03-01,61.4,69.1,,-1.760000000000006,-0.14450867052023808,-1.615491329479768
abr-09,2009-04,2009-04-01,60.6,68.7,,-1.3029315960912058,-0.5788712011577268,-0.724060394933479
may-09,2009-05,2009-05-01,60.4,68.7,5.0,-0.330033003300334,0.0,-0.330033003300334
jun-09,2009-06,2009-06-01,62.0,69.2,,2.6490066225165476,0.727802037845704,1.9212045846708437
jul-09,2009-07,2009-07-01,61.0,69.1,,-1.6129032258064502,-0.14450867052023808,-1.468394555286212
ago-09,2009-08,2009-08-01,62.8,69.8,,2.950819672131133,1.013024602026058,1.937795070105075
sept-09,2009-09,2009-09-01,63.6,70.0,,1.273885350318471,0.2865329512893977,0.9873523990290733
oct-09,2009-10,2009-10-01,65.2,70.6,,2.515723270440251,0.8571428571428452,1.6585804132974058
nov-09,2009-11,2009-11-01,64.1,70.3,,-1.6871165644171904,-0.4249291784702458,-1.2621873859469446
dic-09,2009-12,2009-12-01,65.3,70.6,,1.8720748829953227,0.426742532005675,1.4453323509896476
ene-10,2010-01,2010-01-01,67.0,71.3,,2.6033690658499253,0.9915014164306069,1.6118676494193185
feb-10,2010-02,2010-02-01,66.0,71.2,,-1.4925373134328401,-0.14025245441794398,-1.3522848590148961
mar-10,2010-03,2010-03-01,67.1,71.9,,1.6666666666666607,0.9831460674157411,0.6835205992509197
abr-10,2010-04,2010-04-01,68.5,72.5,,2.086438152011927,0.8344923504867818,1.251945801525145
may-10,2010-05,2010-05-01,66.3,71.8,,-3.2116788321167933,-0.96551724137931,-2.2461615907374832
jun-10,2010-06,2010-06-01,66.8,72.2,,0.7541478129713397,0.5571030640668662,0.19704474890447354
jul-10,2010-07,2010-07-01,66.5,72.3,7.000000000000001,-0.44910179640718084,0.13850415512464131,-0.5876059515318222
ago-10,2010-08,2010-08-01,67.8,72.9,,1.9548872180451093,0.8298755186722184,1.125011699372891
sept-10,2010-09,2010-09-01,66.6,72.7,,-1.7699115044247815,-0.2743484224965731,-1.4955630819282084
oct-10,2010-10,2010-10-01,70.6,74.3,,6.006006006006004,2.2008253094910613,3.8051806965149426
nov-10,2010-11,2010-11-01,70.3,74.6,,-0.4249291784702458,0.40376850605652326,-0.8286976845267691
dic-10,2010-12,2010-12-01,72.6,75.7,,3.271692745376953,1.4745308310992078,1.797161914277745
ene-11,2011-01,2011-01-01,75.2,76.9,,3.581267217630857,1.5852047556142779,1.996062462016579
feb-11,2011-02,2011-02-01,77.3,78.0,,2.792553191489344,1.4304291287386084,1.3621240627507358
mar-11,2011-03,2011-03-01,79.9,79.3,,3.363518758085382,1.6666666666666607,1.6968520914187213
abr-11,2011-04,2011-04-01,79.4,79.0,10.0,-0.6257822277847325,-0.3783102143757877,-0.24747201340894476
may-11,2011-05,2011-05-01,79.0,79.0,,-0.5037783375314908,0.0,-0.5037783375314908
jun-11,2011-06,2011-06-01,76.4,78.6,,-3.2911392405063244,-0.5063291139240533,-2.784810126582271
jul-11,2011-07,2011-07-01,75.9,78.6,,-0.654450261780104,0.0,-0.654450261780104
ago-11,2011-08,2011-08-01,78.1,79.4,,2.898550724637672,1.0178117048346147,1.8807390198030571
sept-11,2011-09,2011-09-01,78.0,79.5,,-0.1280409731113874,0.12594458438286438,-0.2539855574942518
oct-11,2011-10,2011-10-01,75.7,78.9,,-2.9487179487179493,-0.7547169811320642,-2.194000967585885
nov-11,2011-11,2011-11-01,74.5,78.8,,-1.5852047556142668,-0.12674271229405898,-1.4584620433202078
dic-11,2011-12,2011-12-01,75.5,79.4,,1.342281879194629,0.7614213197969733,0.5808605593976557
ene-12,2012-01,2012-01-01,76.7,80.3,,1.5894039735099286,1.1335012594458238,0.45590271406410476
feb-12,2012-02,2012-02-01,77.3,81.5,,0.7822685788787309,1.4943960149439661,-0.7121274360652352
mar-12,2012-03,2012-03-01,77.5,81.9,,0.2587322121604174,0.4907975460122671,-0.2320653338518497
abr-12,2012-04,2012-04-01,76.7,81.7,,-1.0322580645161228,-0.24420024420024333,-0.7880578203158795
may-12,2012-05,2012-05-01,76.7,82.0,,0.0,0.3671970624234966,-0.3671970624234966
jun-12,2012-06,2012-06-01,75.2,81.7,,-1.9556714471968717,-0.3658536585365857,-1.589817788660286
jul-12,2012-07,2012-07-01,75.2,81.8,,0.0,0.1223990208078174,-0.1223990208078174
ago-12,2012-08,2012-08-01,74.3,81.6,,-1.196808510638303,-0.24449877750611915,-0.9523097331321839
sept-12,2012-09,2012-09-01,74.3,81.7,,0.0,0.1225490196078427,-0.1225490196078427
oct-12,2012-10,2012-10-01,73.2,81.5,,-1.4804845222072593,-0.2447980416156681,-1.2356864805915913
nov-12,2012-11,2012-11-01,74.3,82.0,,1.5027322404371546,0.6134969325153339,0.8892353079218207
dic-12,2012-12,2012-12-01,76.0,82.6,,2.288021534320328,0.7317073170731714,1.5563142172471567
ene-13,2013-01,2013-01-01,78.7,83.6,,3.552631578947363,1.2106537530266248,2.341977825920738
feb-13,2013-02,2013-02-01,76.6,82.9,,-2.6683608640406753,-0.8373205741626699,-1.8310402898780054
mar-13,2013-03,2013-03-01,76.6,82.8,,0.0,-0.12062726176116367,0.12062726176116367
abr-13,2013-04,2013-04-01,77.0,83.0,,0.5221932114882533,0.24154589371980784,0.2806473177684454
may-13,2013-05,2013-05-01,76.0,82.7,,-1.2987012987012991,-0.3614457831325302,-0.937255515568769
jun-13,2013-06,2013-06-01,76.4,83.1,,0.5263157894736858,0.48367593712210777,0.04263985235157808
jul-13,2013-07,2013-07-01,76.8,83.6,,0.5235602094240788,0.6016847172081841,-0.07812450778410529
ago-13,2013-08,2013-08-01,78.0,84.1,,1.5625,0.5980861244019087,0.9644138755980913
sept-13,2013-09,2013-09-01,78.1,84.3,,0.12820512820512775,0.23781212841855748,-0.10960700021342973
oct-13,2013-10,2013-10-01,80.0,85.0,,2.432778489116516,0.8303677342823335,1.6024107548341826
nov-13,2013-11,2013-11-01,81.3,85.6,,1.6249999999999876,0.7058823529411784,0.9191176470588092
dic-13,2013-12,2013-12-01,81.1,85.7,,-0.24600246002460802,0.11682242990656011,-0.3628248899311681
ene-14,2014-01,2014-01-01,82.5,86.8,,1.7262638717632672,1.2835472578763163,0.44271661388695094
feb-14,2014-02,2014-02-01,82.8,87.4,,0.363636363636366,0.691244239631339,-0.327607875994973
mar-14,2014-03,2014-03-01,83.8,87.9,10.0,1.2077294685990392,0.5720823798627039,0.6356470887363352
abr-14,2014-04,2014-04-01,84.4,88.3,,0.7159904534606243,0.4550625711035261,0.2609278823570982
may-14,2014-05,2014-05-01,84.6,88.5,,0.23696682464453556,0.22650056625141968,0.01046625839311588
jun-14,2014-06,2014-06-01,83.9,88.4,,-0.8274231678486843,-0.1129943502824804,-0.7144288175662039
jul-14,2014-07,2014-07-01,83.1,88.1,,-0.953516090584039,-0.33936651583711397,-0.614149574746925
ago-14,2014-08,2014-08-01,82.0,87.8,,-1.3237063778579916,-0.34052213393870323,-0.9831842439192884
sept-14,2014-09,2014-09-01,81.4,87.8,,-0.7317073170731603,0.0,-0.7317073170731603
oct-14,2014-10,2014-10-01,81.3,88.0,,-0.12285012285013774,0.2277904328018332,-0.35064055565197094
nov-14,2014-11,2014-11-01,82.7,88.7,,1.7220172201722006,0.7954545454545547,0.9265626747176459
dic-14,2014-12,2014-12-01,84.5,89.3,,2.1765417170495738,0.6764374295377573,1.5001042875118165
ene-15,2015-01,2015-01-01,85.8,89.8,,1.538461538461533,0.5599104143336975,0.9785511241278355
feb-15,2015-02,2015-02-01,87.2,90.3,,1.631701631701632,0.556792873051215,1.074908758650417
mar-15,2015-03,2015-03-01,86.3,90.2,,-1.0321100917431214,-0.11074197120708451,-0.9213681205360369
abr-15,2015-04,2015-04-01,85.3,90.1,,-1.1587485515643148,-0.11086474501109667,-1.0478838065532181
may-15,2015-05,2015-05-01,88.3,91.4,,3.5169988276670505,1.4428412874583962,2.0741575402086543
jun-15,2015-06,2015-06-01,85.6,90.6,,-3.05775764439411,-0.875273522975939,-2.182484121418171
jul-15,2015-07,2015-07-01,86.9,91.3,,1.5186915887850594,0.7726269315673218,0.7460646572177376
ago-15,2015-08,2015-08-01,85.7,91.2,,-1.3808975834292303,-0.10952902519166807,-1.2713685582375622
sept-15,2015-09,2015-09-01,84.4,91.1,,-1.516919486581092,-0.10964912280703176,-1.4072703637740602
oct-15,2015-10,2015-10-01,82.7,90.8,,-2.0142180094786744,-0.3293084522502765,-1.6849095572283979
nov-15,2015-11,2015-11-01,83.3,91.2,,0.7255139056831839,0.4405286343612369,0.28498527132194695
dic-15,2015-12,2015-12-01,84.9,92.1,,1.9207683073229287,0.9868421052631415,0.9339262020597872
ene-16,2016-01,2016-01-01,91.3,94.5,,7.538280329799751,2.6058631921824116,4.93241713761734
feb-16,2016-02,2016-02-01,92.2,94.9,,0.9857612267250904,0.4232804232804366,0.5624808034446538
mar-16,2016-03,2016-03-01,91.2,94.5,,-1.0845986984815648,-0.42149631190727677,-0.663102386574288
abr-16,2016-04,2016-04-01,90.1,94.1,,-1.206140350877205,-0.4232804232804255,-0.7828599275967796
may-16,2016-05,2016-05-01,90.9,94.6,,0.8879023307436285,0.5313496280552554,0.356552702688373
jun-16,2016-06,2016-06-01,91.5,94.8,,0.6600660066006458,0.21141649048626032,0.4486495161143855
jul-16,2016-07,2016-07-01,88.8,93.9,,-2.9508196721311553,-0.9493670886075889,-2.0014525835235664
ago-16,2016-08,2016-08-01,89.2,94.1,,0.45045045045044585,0.21299254526090383,0.23745790518954202
sept-16,2016-09,2016-09-01,89.3,94.3,,0.11210762331836932,0.2125398512221155,-0.10043222790374617
oct-16,2016-10,2016-10-01,88.5,94.1,,-0.8958566629339249,-0.21208907741251393,-0.6837675855214109
nov-16,2016-11,2016-11-01,91.2,95.1,,3.050847457627115,1.0626992561105109,1.988148201516604
dic-16,2016-12,2016-12-01,92.3,95.7,7.7,1.2061403508771829,0.630914826498441,0.5752255243787419
ene-17,2017-01,2017-01-01,93.7,96.3,,1.5167930660888507,0.6269592476489061,0.8898338184399446
feb-17,2017-02,2017-02-01,94.8,97.1,,1.1739594450373536,0.8307372793354029,0.34322216570195074
mar-17,2017-03,2017-03-01,94.5,97.1,,-0.31645569620253333,0.0,-0.31645569620253333
abr-17,2017-04,2017-04-01,95.2,97.5,,0.7407407407407529,0.4119464469618972,0.3287942937788557
may-17,2017-05,2017-05-01,95.5,97.8,,0.31512605042016695,0.3076923076922977,0.00743374272786923
jun-17,2017-06,2017-06-01,95.0,97.6,,-0.5235602094240788,-0.2044989775051187,-0.3190612319189601
jul-17,2017-07,2017-07-01,94.5,97.7,3.9,-0.5263157894736858,0.10245901639345245,-0.6287748058671383
ago-17,2017-08,2017-08-01,95.1,97.9,,0.6349206349206327,0.20470829068577334,0.4302123442348593
sept-17,2017-09,2017-09-01,95.4,98.3,,0.3154574132492316,0.40858018386107364,-0.09312277061184204
oct-17,2017-10,2017-10-01,96.7,98.8,,1.3626834381551323,0.508646998982698,0.8540364391724342
nov-17,2017-11,2017-11-01,98.5,99.5,,1.8614270941054833,0.7085020242914908,1.1529250698139926
dic-17,2017-12,2017-12-01,100.0,100.0,,1.522842639593902,0.5025125628140614,1.0203300767798407
ene-18,2018-01,2018-01-01,100.9,100.8,,0.9000000000000119,0.8000000000000007,0.10000000000001119
feb-18,2018-02,2018-02-01,100.4,101.1,,-0.49554013875123815,0.29761904761904656,-0.7931591863702847
mar-18,2018-03,2018-03-01,99.9,101.1,,-0.4980079681274896,0.0,-0.4980079681274896
abr-18,2018-04,2018-04-01,99.8,101.1,,-0.10010010010010895,0.0,-0.10010010010010895
may-18,2018-05,2018-05-01,99.5,101.2,,-0.30060120240480437,0.09891196834816984,-0.3995131707529742
jun-18,2018-06,2018-06-01,99.7,101.9,,0.20100502512563345,0.6916996047430901,-0.49069457961745666
jul-18,2018-07,2018-07-01,98.0,101.6,3.5000000000000004,-1.7051153460381219,-0.29440628066733643,-1.4107090653707854
ago-18,2018-08,2018-08-01,98.4,101.8,,0.40816326530612734,0.19685039370078705,0.2113128716053403
sept-18,2018-09,2018-09-01,98.1,102.2,,-0.3048780487804992,0.39292730844793233,-0.6978053572284315
oct-18,2018-10,2018-10-01,98.9,102.8,,0.8154943934760572,0.5870841487279899,0.22841024474806737
nov-18,2018-11,2018-11-01,100.7,103.5,,1.8200202224469164,0.6809338521400754,1.139086370306841
dic-18,2018-12,2018-12-01,99.4,103.2,,-1.2909632571995955,-0.28985507246376274,-1.0011081847358327
ene-19,2019-01,2019-01-01,99.9,103.2,,0.5030181086519203,0.0,0.5030181086519203
feb-19,2019-02,2019-02-01,101.0,103.8,,1.1011011011010874,0.5813953488372103,0.519705752263877
mar-19,2019-03,2019-03-01,100.5,103.9,,-0.4950495049504955,0.09633911368016612,-0.5913886186306616
abr-19,2019-04,2019-04-01,100.9,104.2,,0.39800995024876773,0.2887391722810273,0.10927077796774043
may-19,2019-05,2019-05-01,101.8,105.0,,0.8919722497522153,0.7677543186180413,0.12421793113417401
jun-19,2019-06,2019-06-01,100.3,104.8,,-1.4734774066797685,-0.19047619047619646,-1.283001216203572
jul-19,2019-07,2019-07-01,99.9,104.7,3.8,-0.3988035892322994,-0.0954198473282375,-0.3033837419040619
ago-19,2019-08,2019-08-01,99.3,104.6,,-0.6006006006006093,-0.09551098376313627,-0.505089616837473
sept-19,2019-09,2019-09-01,99.4,104.9,,0.10070493454179541,0.2868068833652204,-0.186101948823425
oct-19,2019-10,2019-10-01,100.4,105.3,,1.0060362173038184,0.38131553860818457,0.6247206786956339
nov-19,2019-11,2019-11-01,101.2,105.5,,0.7968127490039834,0.18993352326686086,0.6068792257371225
dic-19,2019-12,2019-12-01,103.0,106.1,,1.7786561264822032,0.5687203791469031,1.2099357473353
ene-20,2020-01,2020-01-01,102.3,106.1,,-0.6796116504854344,0.0,-0.6796116504854344
feb-20,2020-02,2020-02-01,102.0,106.3,,-0.2932551319648091,0.18850141376061114,-0.48175654572542026
mar-20,2020-03,2020-03-01,102.6,106.5,,0.588235294117645,0.18814675446849893,0.40008853964914604
abr-20,2020-04,2020-04-01,102.5,106.3,,-0.09746588693956282,-0.1877934272300541,0.09032754029049128
may-20,2020-05,2020-05-01,100.7,105.7,,-1.7560975609756113,-0.5644402634054524,-1.191657297570159
jun-20,2020-06,2020-06-01,98.8,105.3,,-1.8867924528301994,-0.37842951750236553,-1.5083629353278338
jul-20,2020-07,2020-07-01,99.0,105.8,,0.2024291497975783,0.47483380816715215,-0.27240465836957384
ago-20,2020-08,2020-08-01,100.1,106.3,,1.1111111111111072,0.4725897920604849,0.6385213190506223
sept-20,2020-09,2020-09-01,100.8,106.6,,0.6993006993007089,0.2822201317027151,0.41708056759799383
oct-20,2020-10,2020-10-01,102.4,107.1,,1.5873015873016039,0.46904315196998336,1.1182584353316205
nov-20,2020-11,2020-11-01,104.6,107.8,,2.148437499999978,0.6535947712418277,1.49484272875815
dic-20,2020-12,2020-12-01,106.4,108.4,,1.7208413001912115,0.5565862708719838,1.1642550293192278
ene-21,2021-01,2021-01-01,107.8,108.9,,1.3157894736842035,0.46125461254613587,0.8545348611380676
feb-21,2021-02,2021-02-01,107.7,109.0,,-0.09276437847866026,0.09182736455464191,-0.18459174303330217
mar-21,2021-03,2021-03-01,107.0,109.1,,-0.6499535747446661,0.09174311926605228,-0.7416966940107184
abr-21,2021-04,2021-04-01,106.6,109.0,,-0.37383177570093906,-0.09165902841429263,-0.28217274728664643
may-21,2021-05,2021-05-01,107.5,109.6,,0.8442776735459789,0.5504587155963359,0.2938189579496431
jun-21,2021-06,2021-06-01,107.3,110.0,,-0.18604651162791308,0.36496350364965124,-0.5510100152775643
jul-21,2021-07,2021-07-01,109.3,111.3,4.3999999999999995,1.8639328984156656,1.1818181818181728,0.6821147165974928
ago-21,2021-08,2021-08-01,111.6,112.3,,2.1043000914912957,0.8984725965857976,1.2058274949054981
sept-21,2021-09,2021-09-01,114.5,113.4,,2.5985663082437327,0.9795191451469343,1.6190471630967984
oct-21,2021-10,2021-10-01,117.5,115.2,,2.6200873362445476,1.5873015873015817,1.032785748942966
nov-21,2021-11,2021-11-01,118.6,115.8,,0.9361702127659521,0.5208333333333259,0.4153368794326262
dic-21,2021-12,2021-12-01,119.5,115.8,,0.7588532883642474,0.0,0.7588532883642474
ene-22,2022-01,2022-01-01,123.0,117.5,,2.9288702928870203,1.4680483592400817,1.4608219336469386
feb-22,2022-02,2022-02-01,124.6,119.1,,1.300813008130075,1.3617021276595587,-0.060889119529483615
mar-22,2022-03,2022-03-01,125.7,120.1,,0.882825040128421,0.8396305625524736,0.04319447757594741
abr-22,2022-04,2022-04-01,127.7,121.9,,1.5910898965791676,1.498751040799351,0.0923388557798166
may-22,2022-05,2022-05-01,127.3,122.1,,-0.3132341425215346,0.1640689089417391,-0.4773030514632737
jun-22,2022-06,2022-06-01,127.3,122.7,,0.0,0.49140049140050657,-0.49140049140050657
jul-22,2022-07,2022-07-01,127.5,123.6,11.4,0.15710919088767206,0.7334963325183352,-0.5763871416306632
ago-22,2022-08,2022-08-01,129.6,124.1,,1.6470588235294015,0.4045307443365731,1.2425280791928284
sept-22,2022-09,2022-09-01,129.3,124.0,,-0.23148148148146586,-0.08058017727639033,-0.15090130420507553
oct-22,2022-10,2022-10-01,130.3,124.5,,0.7733952049497228,0.40322580645162365,0.37016939849809916
nov-22,2022-11,2022-11-01,131.7,125.4,,1.074443591711427,0.7228915662650603,0.35155202544636666
dic-22,2022-12,2022-12-01,130.5,125.2,,-0.9111617312072773,-0.15948963317384823,-0.751672098033429
ene-23,2023-01,2023-01-01,132.5,126.7,,1.5325670498084198,1.198083067092659,0.33448398271576085
feb-23,2023-02,2023-02-01,133.1,127.3,,0.45283018867923186,0.47355958958168465,-0.020729400902452788
mar-23,2023-03,2023-03-01,134.7,127.8,,1.2021036814425123,0.39277297721915794,0.8093307042233544
abr-23,2023-04,2023-04-01,136.8,128.3,,1.5590200445434466,0.3912363067292812,1.1677837378141653
may-23,2023-05,2023-05-01,136.9,128.3,,0.07309941520468044,0.0,0.07309941520468044
jun-23,2023-06,2023-06-01,135.3,127.9,,-1.1687363038714316,-0.3117692907248726,-0.856967013146559
jul-23,2023-07,2023-07-01,134.3,127.9,5.1,-0.7390983000739149,0.0,-0.7390983000739149
ago-23,2023-08,2023-08-01,133.8,127.7,,-0.37230081906179935,-0.15637216575449253,-0.21592865330730682
sept-23,2023-09,2023-09-01,134.5,128.3,,0.523168908819116,0.469851213782313,0.05331769503680306
oct-23,2023-10,2023-10-01,136.0,128.9,,1.1152416356877248,0.4676539360872978,0.6475876996004271
nov-23,2023-11,2023-11-01,138.0,129.4,,1.4705882352941124,0.38789759503490284,1.0826906402592096
dic-23,2023-12,2023-12-01,140.0,129.8,,1.449275362318847,0.3091190108191588,1.1401563514996882
ene-24,2024-01,2024-01-01,144.2,131.0,,3.0000000000000027,0.9244992295839749,2.0755007704160278
feb-24,2024-02,2024-02-01,143.0,131.0,,-0.832177531206646,0.0,-0.832177531206646
mar-24,2024-03,2024-03-01,146.2,132.4,,2.2377622377622197,1.0687022900763399,1.1690599476858798
abr-24,2024-04,2024-04-01,149.6,133.4,,2.3255813953488413,0.7552870090634434,1.570294386285398
may-24,2024-05,2024-05-01,150.5,133.9,,0.6016042780748743,0.37481259370315545,0.22679168437171882
jun-24,2024-06,2024-06-01,147.5,133.4,,-1.9933554817275767,-0.37341299477221535,-1.6199424869553614
jul-24,2024-07,2024-07-01,146.8,133.5,4.3999999999999995,-0.4745762711864332,0.07496251874061777,-0.549538789927051
ago-24,2024-08,2024-08-01,144.7,133.2,,-1.430517711171675,-0.22471910112360494,-1.20579861004807
sept-24,2024-09,2024-09-01,144.6,133.5,,-0.06910850034553828,0.22522522522523403,-0.2943337255707723
oct-24,2024-10,2024-10-01,144.0,133.5,,-0.4149377593360981,0.0,-0.4149377593360981
nov-24,2024-11,2024-11-01,144.6,133.8,,0.4166666666666652,0.22471910112360494,0.19194756554306025
dic-24,2024-12,2024-12-01,147.4,134.7,,1.9363762102351467,0.6726457399103047,1.263730470324842
ene-25,2025-01,2025-01-01,150.5,136.0,,2.103120759837185,0.9651076466221209,1.138013113215064
feb-25,2025-02,2025-02-01,150.0,136.6,,-0.33222591362126463,0.4411764705882337,-0.7734023842094984
mar-25,2025-03,2025-03-01,155.5,138.2,,3.6666666666666625,1.171303074670571,2.4953635919960915
abr-25,2025-04,2025-04-01,157.0,138.7,,0.9646302250803762,0.3617945007236001,0.6028357243567761
may-25,2025-05,2025-05-01,156.9,138.7,,-0.06369426751592355,0.0,-0.06369426751592355
jun-25,2025-06,2025-06-01,155.3,138.7,,-1.0197578075207048,0.0,-1.0197578075207048
jul-25,2025-07,2025-07-01,156.0,139.2,3.5999999999999996,0.4507405022536881,0.36049026676279183,0.09025023549089628
ago-25,2025-08,2025-08-01,157.4,139.3,,0.8974358974358942,0.07183908045977905,0.8255968169761152
sept-25,2025-09,2025-09-01,158.7,139.2,,0.8259212198221011,-0.0717875089734532,0.8977087287955543
oct-25,2025-10,2025-10-01,158.8,139.0,,0.0630119722747402,-0.1436781609195359,0.2066901331942761
nov-25,2025-11,2025-11-01,159.1,139.3,,0.18891687657429657,0.21582733812950394,-0.026910461555207377
dic-25,2025-12,2025-12-01,157.9,138.9,,-0.754242614707723,-0.2871500358937573,-0.4670925788139657
ene-26,2026-01,2026-01-01,160.6,139.7,,1.7099430018999273,0.5759539236861011,1.1339890782138262
feb-26,2026-02,2026-02-01,159.3,139.7,,-0.8094645080946372,0.0,-0.8094645080946372
mar-26,2026-03,2026-03-01,160.3,140.8,,0.6277463904582614,0.7874015748031704,-0.159655184344909
